"SNP","IVW_OR","IVW_Lower_95","IVW_Upper_95"
"rs1000000",87.4498850836849,12.3180527226147,620.835336019442
"rs1000001",34.2183515685731,4.81994296847037,242.927269415816
"rs1000005",57.2258182734644,8.06073839791487,406.264800494541
