"SNP","CHR_exp","BP_exp","A1_exp","A2_exp","EAF_exp","BETA_exp","SE_exp","PVALUE_exp","CHR_out","BP_out","A1_out","A2_out","EAF_out","BETA_out","SE_out","PVALUE_out"
"rs1000000",7,46298401,"T","A",0.293971148385507,0.0651534674117399,0.0145722449753179,2.65107166976472e-08,7,46298401,"T","A",0.293971148385507,0.0064491873654946,0.022831328816682,0.625414979760017
"rs1000001",20,23488128,"C","T",0.394829661915421,0.0938880903310309,0.0265763976704365,2.84078021856366e-08,20,23488128,"C","T",0.394829661915421,-0.0215842134452802,0.0223400163538735,0.76480190620373
"rs1000005",21,21266766,"G","C",0.227474194883738,0.0904048109157903,0.0223386942271249,2.10878223382287e-08,21,21266766,"G","C",0.227474194883738,-0.0108182993515503,0.0272270602651886,0.106776779006001
